{"box1": {"top_left": ["252", "256"], "top_right": ["346", "256"], "bottom_right": ["346", "284"], "bottom_left": ["252", "284"]}, "box2": {"top_left": ["306", "295"], "top_right": ["780", "295"], "bottom_right": ["780", "339"], "bottom_left": ["306", "339"]}, "box3": {"top_left": ["306", "324"], "top_right": ["893", "324"], "bottom_right": ["893", "364"], "bottom_left": ["306", "364"]}, "box4": {"top_left": ["1019", "333"], "top_right": ["1100", "333"], "bottom_right": ["1100", "362"], "bottom_left": ["1019", "362"]}, "box5": {"top_left": ["249", "379"], "top_right": ["509", "379"], "bottom_right": ["509", "415"], "bottom_left": ["249", "415"]}, "box6": {"top_left": ["307", "431"], "top_right": ["635", "431"], "bottom_right": ["635", "473"], "bottom_left": ["307", "473"]}, "box7": {"top_left": ["306", "467"], "top_right": ["697", "467"], "bottom_right": ["697", "505"], "bottom_left": ["306", "505"]}, "box8": {"top_left": ["1022", "474"], "top_right": ["1146", "474"], "bottom_right": ["1146", "500"], "bottom_left": ["1022", "500"]}, "box9": {"top_left": ["252", "528"], "top_right": ["346", "528"], "bottom_right": ["346", "558"], "bottom_left": ["252", "558"]}, "box10": {"top_left": ["307", "575"], "top_right": ["814", "575"], "bottom_right": ["814", "614"], "bottom_left": ["307", "614"]}, "box11": {"top_left": ["307", "609"], "top_right": ["1111", "609"], "bottom_right": ["1111", "649"], "bottom_left": ["307", "649"]}, "box12": {"top_left": ["268", "1183"], "top_right": ["421", "1183"], "bottom_right": ["421", "1211"], "bottom_left": ["268", "1211"]}, "box13": {"top_left": ["515", "1217"], "top_right": ["537", "1217"], "bottom_right": ["537", "1231"], "bottom_left": ["515", "1231"]}, "box14": {"top_left": ["300", "1240"], "top_right": ["334", "1240"], "bottom_right": ["334", "1266"], "bottom_left": ["300", "1266"]}, "box15": {"top_left": ["334", "1236"], "top_right": ["563", "1236"], "bottom_right": ["563", "1275"], "bottom_left": ["334", "1275"]}, "box16": {"top_left": ["299", "1269"], "top_right": ["606", "1269"], "bottom_right": ["606", "1297"], "bottom_left": ["299", "1297"]}, "box17": {"top_left": ["268", "1316"], "top_right": ["396", "1316"], "bottom_right": ["396", "1342"], "bottom_left": ["268", "1342"]}, "box18": {"top_left": [346.4050955543422, 437.33171977498705], "top_right": [398.8965517241379, 430.2413793103448], "bottom_right": [403.5949044456578, 467.66828022501295], "bottom_left": [351.1034482758621, 475.7586206896552]}}